<?xml version='1.0' encoding='UTF-8'?>
<system creation-date="2024-04-12 12:04:11" desc="6700-137118" enable="False" id="8c3c3879-365d-4883-b595-a3a6d56a179f" last-modified-date="" name="6700-137118"><applications><application name="RobotWare" version="6.15.6022"><settings><setting-file path="/hd0a/6700-137118/INTERNAL/controller.rsf" /><system-xml path="/hd0a/6700-137118/system.xml" /><key-id path="/hd0a/6700-137118/INTERNAL/key.id" /></settings></application><application name="FlexPendantSxTPU4Software" version="1.5.100.0"><settings><setting-file path="/hd0a/6700-137118/INTERNAL/controller.rsf" /><system-xml path="/hd0a/6700-137118/system.xml" /><key-id path="/hd0a/6700-137118/INTERNAL/key.id" /></settings></application></applications></system>