<?xml version='1.0' encoding='UTF-8'?>
<system creation-date="2024-08-15 12:48:02" desc="6700-137776" enable="False" id="e50b12a6-ee89-4585-a15a-6a78cf7771b5" last-modified-date="" name="6700-137776"><applications><application name="RobotWare" version="6.15.7032"><settings><setting-file path="/hd0a/6700-137776/INTERNAL/controller.rsf" /><system-xml path="/hd0a/6700-137776/system.xml" /><key-id path="/hd0a/6700-137776/INTERNAL/key.id" /></settings></application><application name="FlexPendantSxTPU4Software" version="1.5.100.0"><settings><setting-file path="/hd0a/6700-137776/INTERNAL/controller.rsf" /><system-xml path="/hd0a/6700-137776/system.xml" /><key-id path="/hd0a/6700-137776/INTERNAL/key.id" /></settings></application></applications></system>