<?xml version="1.0" encoding="utf-8"?>
<SystemProperties>
  <SystemName>6700-133571</SystemName>
  <SerialNo>6700-133571</SerialNo>
  <UsedMedia>
    <Media path="RobotWare_6.15.2027" name="RobotWare" version="6.15.2027">
    </Media>
    <Media path="FlexPendantSxTPU4Software_1.3.28.1" name="FlexPendantSxTPU4Software" version="1.3.28.1">
    </Media>
  </UsedMedia>
  <ControlModule>
    <Option descr="English">
    </Option>
    <Option descr="840-1 EtherNet/IP Anybus Adapter">
    </Option>
    <Option descr="617-1 FlexPendant Interface">
    </Option>
    <Option descr="623-1 Multitasking">
    </Option>
    <Option descr="611-1 Path Recovery">
    </Option>
    <Option descr="616-1 PC Interface">
    </Option>
    <Option descr="997-1 PROFIsafe F-Device">
    </Option>
    <Option descr="888-3 PROFINET Device">
    </Option>
    <Option descr="1125-2 SafeMove Pro">
    </Option>
    <Option descr="996-1 Safety Module">
    </Option>
    <Option descr="608-1 World Zones">
    </Option>
    <Option descr="RobotWare Base">
    </Option>
  </ControlModule>
  <DriveModule>
    <Name>Robot1</Name>
    <Option descr="Axis Calibration">
    </Option>
    <Option descr="Drive System IRB 460/640/660/760/4600/66xx/6700">
    </Option>
    <Option descr="IRB 6700-245/3.00">
    </Option>
  </DriveModule>
  <AdditionalOption>
    <Name>FlexPendantSxTPU4Software</Name>
    <Option descr="FlexPendant SxTPU4 Software">
    </Option>
  </AdditionalOption>
</SystemProperties>