<?xml version='1.0' encoding='UTF-8'?>
<system creation-date="2023-04-12 21:45:11" desc="6700-133571" enable="False" id="36939394-539b-46e3-9924-1812fb4fd600" last-modified-date="" name="6700-133571"><applications><application name="RobotWare" version="6.15.2027"><settings><setting-file path="/hd0a/6700-133571/INTERNAL/controller.rsf" /><system-xml path="/hd0a/6700-133571/system.xml" /><key-id path="/hd0a/6700-133571/INTERNAL/key.id" /></settings></application><application name="FlexPendantSxTPU4Software" version="1.3.28.1"><settings><setting-file path="/hd0a/6700-133571/INTERNAL/controller.rsf" /><system-xml path="/hd0a/6700-133571/system.xml" /><key-id path="/hd0a/6700-133571/INTERNAL/key.id" /></settings></application></applications></system>