<SafetyConfiguration xmlns:xsi="http://www.w3.org/2001/XMLSchema-instance" xsi:schemaLocation="urn:abb-robotics-safety-controller-configuration sc_cfg.1.03.01.xsd" xmlns:xs="http://www.w3.org/2001/XMLSchema-instance" version="1.03.01" xmlns="urn:abb-robotics-safety-controller-configuration">
  <ValidationInfo validationDate="2024-08-29T09:04:16" validatedBy="SIIF_SAFETY"/>
  <LockInfo lockDate="2024-08-29T09:04:18" lockedBy="SIIF_SAFETY" controllerId="6700-133571"/>
  <ConfigurationSeal checksum="E817B0A544B021F88127ACF203643E59A35154F626F0B856903B45FDBB188950" checksumShort="EE0A6784" creationDate="2024-08-29T08:44:14.1987027+02:00" createdBy="SIIF_SAFETY" systemName="6700-133571" swVersion="1.03.08" RW_Version="6.15.02" RS_Version="23.04.01">
    <ProtectedElements checksum="F1945CD6C19E56B3C1C78943EF5EC18116907A4CA1EFC40A57D48AB1DB7ADFC5" />
    <SiosCfg version="1.2">
      <Signal name="SafetyEnable" type="BOOL" default="1" visible="true" readonly="false" />
      <Signal name="AutomaticMode" type="BOOL" default="0" visible="true" readonly="false" />
      <Signal name="ManualMode" type="BOOL" default="0" visible="true" readonly="false" />
      <Signal name="ManualFullSpeedMode" type="BOOL" default="0" visible="true" readonly="false" />
      <Signal name="DriveEnable" type="BOOL" default="0" visible="true" readonly="false" />
      <Signal name="DriveEnableFeedback" type="BOOL" default="0" visible="true" readonly="false" />
      <Signal name="LocalEmergencyStopStatus" type="BOOL" default="0" visible="true" readonly="false" />
      <Signal name="ExternalPowerControlActive" type="BOOL" default="0" visible="true" readonly="false" />
      <Signal name="ExternalPowerControlFeedback" type="BOOL" default="0" visible="true" readonly="false" />
      <Signal name="AutoIn" type="BOOL" default="0" visible="false" readonly="true" />
      <Signal name="ManualIn" type="BOOL" default="0" visible="false" readonly="true" />
      <Signal name="ManualFSIn" type="BOOL" default="0" visible="false" readonly="true" />
      <Signal name="AU_ROBOT" type="BOOL" default="0" visible="true" readonly="false" />
      <Signal name="MCC" type="BOOL" default="0" visible="true" readonly="false" />
      <Signal name="MODE_T1" type="BOOL" default="0" visible="true" readonly="false" />
      <Signal name="AU_OK_GS" type="BOOL" default="0" visible="true" readonly="false" />
      <Signal name="DOOR_OK_AS" type="BOOL" default="0" visible="true" readonly="false" />
      <Signal name="ZONE_A1" type="BOOL" default="0" visible="true" readonly="false" />
      <Signal name="ZONE_A2" type="BOOL" default="0" visible="true" readonly="false" />
      <Signal name="ZONE_MAG_OUTIL" type="BOOL" default="0" visible="true" readonly="false" />
      <Signal name="X5" type="BOOL" default="0" visible="true" readonly="false" />
      <Signal name="X6" type="BOOL" default="0" visible="true" readonly="false" />
      <Signal name="X7" type="BOOL" default="0" visible="true" readonly="false" />
      <Signal name="X8" type="BOOL" default="0" visible="true" readonly="false" />
      <Signal name="OUTIL_PRESENT_0" type="BOOL" default="0" visible="true" readonly="false" />
      <Signal name="OUTIL_PRESENT_1" type="BOOL" default="0" visible="true" readonly="false" />
      <Signal name="OUTIL_PRESENT_2" type="BOOL" default="0" visible="true" readonly="false" />
      <Signal name="OUTIL_PRESENT_3" type="BOOL" default="0" visible="true" readonly="false" />
      <Signal name="OUTIL_PRESENT_4" type="BOOL" default="0" visible="true" readonly="false" />
      <Signal name="OUTIL_PRESENT_5" type="BOOL" default="0" visible="true" readonly="false" />
      <Signal name="OUTIL_PRESENT_6" type="BOOL" default="0" visible="true" readonly="false" />
      <Signal name="OUTIL_PRESENT_7" type="BOOL" default="0" visible="true" readonly="false" />
      <FuncIOMappings>
        <AutomaticMode signalName="AutomaticMode" mandatory="true" />
        <AutoIn signalName="AutoIn" mandatory="true" visible="false" />
        <DriveEnable signalName="DriveEnable" mandatory="true" />
        <LocalEmergencyStopStatus signalName="LocalEmergencyStopStatus" mandatory="true" />
        <ManualMode signalName="ManualMode" mandatory="true" />
        <ManualIn signalName="ManualIn" mandatory="true" visible="false" />
        <ManualFullSpeedMode signalName="ManualFullSpeedMode" mandatory="true" />
        <ManualFSIn signalName="ManualFSIn" mandatory="true" visible="false" />
        <SafetyEnable signalName="SafetyEnable" mandatory="true" />
        <ExternalPowerControlActive signalName="ExternalPowerControlActive" mandatory="true" />
        <ExternalPowerControlFeedback signalName="ExternalPowerControlFeedback" mandatory="true" />
        <DriveEnableFeedback signalName="DriveEnableFeedback" mandatory="true" />
      </FuncIOMappings>
      <Net name="PNFDevice" visible="true" readonly="false">
        <Device name="PN_Internal_Device" inSizeBits="64" outSizeBits="64" address="" visible="true" readonly="false">
          <Module name="SDO_8_bytes" inputSize="0" outputSize="8" sourceAddress="1" destAddress="15" wdTimeout="500" crcLength="3" fParVersion="2" fParIndex="1" slot="3" silLevel="2" blockId="0" iParCrc="0" visible="true" />
          <Module name="SDI_8_bytes" inputSize="8" outputSize="0" sourceAddress="1" destAddress="16" wdTimeout="500" crcLength="3" fParVersion="2" fParIndex="2" slot="4" silLevel="2" blockId="0" iParCrc="0" visible="true" />
          <Signal name="AU_OK_GS" type="BOOL" default="0" offset="0" width="1" direction="input" />
          <Signal name="DOOR_OK_AS" type="BOOL" default="0" offset="1" width="1" direction="input" />
          <Signal name="ZONE_A1" type="BOOL" default="0" offset="2" width="1" direction="input" />
          <Signal name="ZONE_A2" type="BOOL" default="0" offset="3" width="1" direction="input" />
          <Signal name="ZONE_MAG_OUTIL" type="BOOL" default="0" offset="4" width="1" direction="input" />
          <Signal name="X5" type="BOOL" default="0" offset="5" width="1" direction="input" />
          <Signal name="X6" type="BOOL" default="0" offset="6" width="1" direction="input" />
          <Signal name="X7" type="BOOL" default="0" offset="7" width="1" direction="input" />
          <Signal name="X8" type="BOOL" default="0" offset="8" width="1" direction="input" />
          <Signal name="OUTIL_PRESENT_0" type="BOOL" default="0" offset="9" width="1" direction="input" />
          <Signal name="OUTIL_PRESENT_1" type="BOOL" default="0" offset="10" width="1" direction="input" />
          <Signal name="OUTIL_PRESENT_2" type="BOOL" default="0" offset="11" width="1" direction="input" />
          <Signal name="OUTIL_PRESENT_3" type="BOOL" default="0" offset="12" width="1" direction="input" />
          <Signal name="OUTIL_PRESENT_4" type="BOOL" default="0" offset="13" width="1" direction="input" />
          <Signal name="OUTIL_PRESENT_5" type="BOOL" default="0" offset="14" width="1" direction="input" />
          <Signal name="OUTIL_PRESENT_6" type="BOOL" default="0" offset="15" width="1" direction="input" />
          <Signal name="OUTIL_PRESENT_7" type="BOOL" default="0" offset="16" width="1" direction="input" />
          <Signal name="AU_ROBOT" type="BOOL" default="0" offset="0" width="1" direction="output" />
          <Signal name="MCC" type="BOOL" default="0" offset="1" width="1" direction="output" />
          <Signal name="MODE_T1" type="BOOL" default="0" offset="2" width="1" direction="output" />
        </Device>
      </Net>
      <Net name="Feedback" visible="true" readonly="false">
        <Device name="SC_Feedback_Dev" inSizeBits="0" outSizeBits="2048" address="" visible="true" readonly="false">
          <Signal name="SafetyEnable" type="BOOL" default="1" offset="0" width="1" direction="output" />
          <Signal name="AutomaticMode" type="BOOL" default="0" offset="1" width="1" direction="output" />
          <Signal name="ManualMode" type="BOOL" default="0" offset="2" width="1" direction="output" />
          <Signal name="ManualFullSpeedMode" type="BOOL" default="0" offset="3" width="1" direction="output" />
          <Signal name="DriveEnable" type="BOOL" default="0" offset="4" width="1" direction="output" />
          <Signal name="DriveEnableFeedback" type="BOOL" default="0" offset="5" width="1" direction="output" />
          <Signal name="LocalEmergencyStopStatus" type="BOOL" default="0" offset="6" width="1" direction="output" />
          <Signal name="ExternalPowerControlActive" type="BOOL" default="0" offset="7" width="1" direction="output" />
          <Signal name="ExternalPowerControlFeedback" type="BOOL" default="0" offset="8" width="1" direction="output" />
        </Device>
      </Net>
      <Net name="SafeLocalIO" visible="false" readonly="true">
        <Device name="SafeLocalIODev" inSizeBits="6" outSizeBits="2" address="" visible="false" readonly="true">
          <FuncIO name="AutoIn" direction="input" visible="false" readonly="true" offset="0" width="1" />
          <FuncIO name="ManualIn" direction="input" visible="false" readonly="true" offset="1" width="1" />
          <FuncIO name="ManualFSIn" direction="input" visible="false" readonly="true" offset="2" width="1" />
          <FuncIO name="DriveEnableFeedback" direction="input" visible="false" readonly="true" offset="3" width="1" />
          <FuncIO name="LocalEmergencyStopStatus" direction="input" visible="false" readonly="true" offset="4" width="1" />
          <FuncIO name="ExternalPowerControlFeedback" direction="input" visible="false" readonly="true" offset="5" width="1" />
          <FuncIO name="DriveEnable" direction="output" visible="false" readonly="true" offset="0" width="1" />
          <FuncIO name="ExternalPowerControlActive" direction="output" visible="false" readonly="true" offset="1" width="1" />
        </Device>
      </Net>
    </SiosCfg>
    <ClCfg version="1.2">
      <Operators>
        <Operator name="COPY1" oper="COPY">
          <Resultant name="res1" type="BOOL" />
          <Actuator name="act1" type="BOOL" />
        </Operator>
        <Operator name="AND1" oper="AND">
          <Resultant name="res1" type="BOOL" />
          <Actuator name="act1" type="BOOL" />
          <Actuator name="act2" type="BOOL" />
        </Operator>
      </Operators>
      <PreLogic />
      <PostLogic>
        <Operation optype="COPY1" name="AU_ROBOT">
          <Resultant opName="res1" sigName="AU_ROBOT" />
          <Actuator opName="act1" sigName="LocalEmergencyStopStatus" />
        </Operation>
        <Operation optype="AND1" name="MCC">
          <Resultant opName="res1" sigName="MCC" />
          <Actuator opName="act1" sigName="DriveEnableFeedback" />
          <Actuator opName="act2" sigName="ManualMode" />
        </Operation>
        <Operation optype="COPY1" name="MODE_T1">
          <Resultant opName="res1" sigName="MODE_T1" />
          <Actuator opName="act1" sigName="ManualMode" />
        </Operation>
      </PostLogic>
    </ClCfg>
    <SystemCfg version="1.0">
      <FuncIO name="AutomaticMode" direction="input" />
      <FuncIO name="CommissioningModeActive" direction="input" />
      <FuncIO name="ConfigurationLocked" direction="input" />
      <FuncIO name="DriveEnable" direction="input" />
      <FuncIO name="ExternalPowerControlActive" direction="input" />
      <FuncIO name="ExtComShutdownReq" direction="input" />
      <FuncIO name="ManualMode" direction="input" />
      <FuncIO name="ManualFullSpeedMode" direction="input" />
      <FuncIO name="SafetyControllerOperational" direction="input" />
      <FuncIO name="ServiceModeActive" direction="input" />
      <FuncIO name="Stop0Status" direction="input" />
      <FuncIO name="Stop1Status" direction="input" />
      <FuncIO name="Stop0Status" direction="input" />
      <FuncIO name="Stop1Status" direction="input" />
      <FuncIO name="SafetyControllerOperational" direction="input" />
      <FuncIO name="ServiceModeActive" direction="input" />
      <FuncIO name="CommissioningModeActive" direction="input" />
      <FuncIO name="ConfigurationLocked" direction="input" />
      <FuncIO name="ExtComShutdownReq" direction="input" />
      <FuncIO name="ExtComShutdownAck" direction="output" />
    </SystemCfg>
    <SafetyCfg version="1.0">
      <StopFunction id="1" emStop="false" mode="Auto" stopType="Category1Stop" name="DOOR_OK">
        <PhysicalInput signalName="DOOR_OK_AS" />
      </StopFunction>
      <StopFunction id="2" mode="General" stopType="Category1Stop" name="AU_OK">
        <PhysicalInput signalName="AU_OK_GS" />
      </StopFunction>
      <DriveModuleConfiguration driveModuleId="1" maxSpeedManualMode="0.25">
        <Robot name="ROB_1" startSpeedOffset="0.1">
          <Baseframe>
            <Translation x="0" y="0" z="0" />
            <Quaternion q1="1" q2="0" q3="0" q4="0" />
          </Baseframe>
          <ElbowOffset x="-0.268" y="0" z="0.375" />
          <Joint id="1" calPosition="0" />
          <Joint id="2" calPosition="0" />
          <Joint id="3" calPosition="0" />
          <Joint id="4" calPosition="0" />
          <Joint id="5" calPosition="0" />
          <Joint id="6" calPosition="0" />
        </Robot>
        <Tool id="1" name="TOOL_0" activationSignal="OUTIL_PRESENT_0">
          <TCP x="0" y="0" z="0" />
          <ToolOrientation q1="1" q2="0" q3="0" q4="0" />
          <ToolGeometry xs:type="Lozenge" name="CHANGER" radius="0.054" width="0.204" height="0.37">
            <Pose>
              <Translation x="-0.015" y="0" z="0.05" />
              <Quaternion q1="1" q2="0" q3="0" q4="0" />
            </Pose>
          </ToolGeometry>
        </Tool>
        <Tool id="2" name="TOOL_1" activationSignal="OUTIL_PRESENT_1">
          <TCP x="0" y="0" z="0" />
          <ToolOrientation q1="1" q2="0" q3="0" q4="0" />
          <ToolGeometry xs:type="Capsule" name="MOTOR" radius="0.26">
            <Start x="0" y="0.25" z="0.31" />
            <End x="0" y="-0.165" z="0.31" />
          </ToolGeometry>
          <ToolGeometry xs:type="Lozenge" name="DISK1" radius="0.02" width="0.6" height="0.6">
            <Pose>
              <Translation x="0" y="0.5" z="0.369" />
              <Quaternion q1="0.5" q2="-0.5" q3="0.5" q4="0.5" />
            </Pose>
          </ToolGeometry>
          <ToolGeometry xs:type="Lozenge" name="DISK2" radius="0.02" width="0.5" height="0.5">
            <Pose>
              <Translation x="0" y="-0.416" z="0.368" />
              <Quaternion q1="0.5" q2="-0.5" q3="0.5" q4="0.5" />
            </Pose>
          </ToolGeometry>
          <ToolGeometry xs:type="Lozenge" name="CHANGER" radius="0.12" width="0.09" height="0.17">
            <Pose>
              <Translation x="0" y="0" z="0.052" />
              <Quaternion q1="1" q2="0" q3="0" q4="0" />
            </Pose>
          </ToolGeometry>
        </Tool>
        <Tool id="3" name="TOOL_2" activationSignal="OUTIL_PRESENT_2">
          <TCP x="0" y="0" z="0" />
          <ToolOrientation q1="1" q2="0" q3="0" q4="0" />
          <ToolGeometry xs:type="Lozenge" name="MOTOR" radius="0.18" width="0.15" height="0.78">
            <Pose>
              <Translation x="-0.03" y="-0.095" z="0.28" />
              <Quaternion q1="1" q2="0" q3="0" q4="0" />
            </Pose>
          </ToolGeometry>
          <ToolGeometry xs:type="Lozenge" name="DISK" radius="0.02" width="0.28" height="0.28">
            <Pose>
              <Translation x="0.025" y="-0.687" z="0.324" />
              <Quaternion q1="0.5" q2="-0.5" q3="0.5" q4="0.5" />
            </Pose>
          </ToolGeometry>
          <ToolGeometry xs:type="Lozenge" name="CHANGER" radius="0.12" width="0.09" height="0.17">
            <Pose>
              <Translation x="0" y="0" z="0.052" />
              <Quaternion q1="1" q2="0" q3="0" q4="0" />
            </Pose>
          </ToolGeometry>
        </Tool>
        <Tool id="4" name="TOOL_3" activationSignal="OUTIL_PRESENT_3">
          <TCP x="0" y="0" z="0" />
          <ToolOrientation q1="1" q2="0" q3="0" q4="0" />
          <ToolGeometry xs:type="Lozenge" name="MOTOR" radius="0.148" width="0.08" height="0.6">
            <Pose>
              <Translation x="-0.01" y="0.096449" z="0.302042" />
              <Quaternion q1="1" q2="0" q3="0" q4="0" />
            </Pose>
          </ToolGeometry>
          <ToolGeometry xs:type="Lozenge" name="CHANGER" radius="0.12" width="0.09" height="0.17">
            <Pose>
              <Translation x="0" y="0" z="0.052" />
              <Quaternion q1="1" q2="0" q3="0" q4="0" />
            </Pose>
          </ToolGeometry>
        </Tool>
        <Tool id="5" name="TOOL_6_VISION" activationSignal="OUTIL_PRESENT_6">
          <TCP x="0" y="0" z="0" />
          <ToolOrientation q1="1" q2="0" q3="0" q4="0" />
          <ToolGeometry xs:type="Lozenge" name="CHANGER" radius="0.12" width="0.09" height="0.17">
            <Pose>
              <Translation x="0" y="0" z="0.05072" />
              <Quaternion q1="1" q2="0" q3="0" q4="0" />
            </Pose>
          </ToolGeometry>
          <ToolGeometry xs:type="Lozenge" name="CAMERA" radius="0.115" width="0.08" height="0.555">
            <Pose>
              <Translation x="0" y="-0.1" z="0.255" />
              <Quaternion q1="1" q2="0" q3="0" q4="0" />
            </Pose>
          </ToolGeometry>
        </Tool>
        <SyncCheck>
          <SyncPosition jointId="1" positionValue="1.570796" />
          <SyncPosition jointId="2" positionValue="0" />
          <SyncPosition jointId="3" positionValue="0" />
          <SyncPosition jointId="4" positionValue="0" />
          <SyncPosition jointId="5" positionValue="0" />
          <SyncPosition jointId="6" positionValue="0" />
        </SyncCheck>
        <SafeZone id="1" name="ZONE_A1" top="3" bottom="-0.5" speedLimitPriority="NORMAL">
          <Point x="-1.3" y="0.9" />
          <Point x="3.3" y="0.9" />
          <Point x="3.3" y="4.5" />
          <Point x="-1.3" y="4.5" />
        </SafeZone>
        <SafeZone id="2" name="ZONE_A2" top="3" bottom="-0.5" speedLimitPriority="NORMAL">
          <Point x="-1.3" y="-4.5" />
          <Point x="3.3" y="-4.5" />
          <Point x="3.3" y="-0.9" />
          <Point x="-1.3" y="-0.9" />
        </SafeZone>
        <SafeZone id="3" name="TOOL_STORE" top="3" bottom="-0.5" speedLimitPriority="NORMAL">
          <Point x="2" y="-0.9" />
          <Point x="3.3" y="-0.9" />
          <Point x="3.3" y="0.9" />
          <Point x="2" y="0.9" />
        </SafeZone>
        <ToolPositionSupervision id="1" name="ZONE_A1_TPO" safeZoneId="1" allowInside="false" includeRobot="false">
          <ActivationFunction xs:type="UnaryExpression">
            <PhysicalInput signalName="ZONE_A1" />
          </ActivationFunction>
          <ViolationFunction stopType="Category1Stop" />
        </ToolPositionSupervision>
        <ToolPositionSupervision id="2" name="ZONE_A2_TPO" safeZoneId="2" allowInside="false" includeRobot="false">
          <ActivationFunction xs:type="UnaryExpression">
            <PhysicalInput signalName="ZONE_A2" />
          </ActivationFunction>
          <ViolationFunction stopType="Category1Stop" />
        </ToolPositionSupervision>
        <ToolPositionSupervision id="3" name="TOOL_STORE_TPO" safeZoneId="3" allowInside="false" includeRobot="false">
          <ActivationFunction xs:type="UnaryExpression">
            <PhysicalInput signalName="ZONE_MAG_OUTIL" />
          </ActivationFunction>
          <ViolationFunction stopType="Category1Stop" />
        </ToolPositionSupervision>
      </DriveModuleConfiguration>
    </SafetyCfg>
  </ConfigurationSeal>
</SafetyConfiguration>